{
  "error": false,
  "message": "success",
  "count": 10,
  "movie":  [
    {
      "popularity": 65.61,
      "vote_count": 27370,
      "video": false,
      "poster_path": "/9gk7adHYeDvHkCSEqAvQNLV5Uge.jpg",
      "id": 27205,
      "adult": false,
      "backdrop_path": "/s3TBrRGB1iav7gFOCNx3H31MoES.jpg",
      "original_language": "en",
      "original_title": "Inception",
      "genre_ids": [
        28,
        12,
        878
      ],
      "title": "Inception",
      "vote_average": 8.3,
      "overview": "Cobb, a skilled thief who commits corporate espionage by infiltrating the subconscious of his targets is offered a chance to regain his old life as payment for a task considered to be impossible: \"inception\", the implantation of another person's idea into a target's subconscious.",
      "release_date": "2010-07-15"
    },
    {
      "popularity": 90.405,
      "vote_count": 23945,
      "video": false,
      "poster_path": "/gEU2QniE6E77NI6lCU6MxlNBvIx.jpg",
      "id": 157336,
      "adult": false,
      "backdrop_path": "/xJHokMbljvjADYdit5fK5VQsXEG.jpg",
      "original_language": "en",
      "original_title": "Interstellar",
      "genre_ids": [
        12,
        18,
        878
      ],
      "title": "Interstellar",
      "vote_average": 8.3,
      "overview": "The adventures of a group of explorers who make use of a newly discovered wormhole to surpass the limitations on human space travel and conquer the vast distances involved in an interstellar voyage.",
      "release_date": "2014-11-05"
    },
    {
      "popularity": 110.192,
      "vote_count": 23704,
      "video": false,
      "poster_path": "/yGSxMiF0cYuAiyuve5DA6bnWEOI.jpg",
      "id": 293660,
      "adult": false,
      "backdrop_path": "/en971MEXui9diirXlogOrPKmsEn.jpg",
      "original_language": "en",
      "original_title": "Deadpool",
      "genre_ids": [
        28,
        12,
        35
      ],
      "title": "Deadpool",
      "vote_average": 7.6,
      "overview": "Deadpool tells the origin story of former Special Forces operative turned mercenary Wade Wilson, who after being subjected to a rogue experiment that leaves him with accelerated healing powers, adopts the alter ego Deadpool. Armed with his new abilities and a dark, twisted sense of humor, Deadpool hunts down the man who nearly destroyed his life.",
      "release_date": "2016-02-09"
    },
    {
      "popularity": 77.189,
      "vote_count": 23476,
      "video": false,
      "poster_path": "/qJ2tW6WMUDux911r6m7haRef0WH.jpg",
      "id": 155,
      "adult": false,
      "backdrop_path": "/hkBaDkMWbLaf8B1lsWsKX7Ew3Xq.jpg",
      "original_language": "en",
      "original_title": "The Dark Knight",
      "genre_ids": [
        28,
        80,
        18,
        53
      ],
      "title": "The Dark Knight",
      "vote_average": 8.5,
      "overview": "Batman raises the stakes in his war on crime. With the help of Lt. Jim Gordon and District Attorney Harvey Dent, Batman sets out to dismantle the remaining criminal organizations that plague the streets. The partnership proves to be effective, but they soon find themselves prey to a reign of chaos unleashed by a rising criminal mastermind known to the terrified citizens of Gotham as the Joker.",
      "release_date": "2008-07-16"
    },
    {
      "popularity": 107.78,
      "vote_count": 23294,
      "video": false,
      "poster_path": "/RYMX2wcKCBAr24UyPD7xwmjaTn.jpg",
      "id": 24428,
      "adult": false,
      "backdrop_path": "/kwUQFeFXOOpgloMgZaadhzkbTI4.jpg",
      "original_language": "en",
      "original_title": "The Avengers",
      "genre_ids": [
        28,
        12,
        878
      ],
      "title": "The Avengers",
      "vote_average": 7.7,
      "overview": "When an unexpected enemy emerges and threatens global safety and security, Nick Fury, director of the international peacekeeping agency known as S.H.I.E.L.D., finds himself in need of a team to pull the world back from the brink of disaster. Spanning the globe, a daring recruitment effort begins!",
      "release_date": "2012-04-25"
    },
    {
      "popularity": 96.642,
      "vote_count": 22179,
      "video": false,
      "poster_path": "/6EiRUJpuoeQPghrs3YNktfnqOVh.jpg",
      "id": 19995,
      "adult": false,
      "backdrop_path": "/bIL7ENqh1egWTxN41sM2W42JqPc.jpg",
      "original_language": "en",
      "original_title": "Avatar",
      "genre_ids": [
        28,
        12,
        14,
        878
      ],
      "title": "Avatar",
      "vote_average": 7.5,
      "overview": "In the 22nd century, a paraplegic Marine is dispatched to the moon Pandora on a unique mission, but becomes torn between following orders and protecting an alien civilization.",
      "release_date": "2009-12-10"
    },
    {
      "popularity": 29.226,
      "vote_count": 21297,
      "video": false,
      "poster_path": "/r7vmZjiyZw9rpJMQJdXpjgiCOk9.jpg",
      "id": 118340,
      "adult": false,
      "backdrop_path": "/mZSAu5acXueGC4Z3S5iLSWx8AEp.jpg",
      "original_language": "en",
      "original_title": "Guardians of the Galaxy",
      "genre_ids": [
        28,
        12,
        878
      ],
      "title": "Guardians of the Galaxy",
      "vote_average": 7.9,
      "overview": "Light years from Earth, 26 years after being abducted, Peter Quill finds himself the prime target of a manhunt after discovering an orb wanted by Ronan the Accuser.",
      "release_date": "2014-07-30"
    },
    {
      "popularity": 51.202,
      "id": 550,
      "video": false,
      "vote_count": 20232,
      "vote_average": 8.4,
      "title": "Fight Club",
      "release_date": "1999-10-15",
      "original_language": "en",
      "original_title": "Fight Club",
      "genre_ids": [
        18
      ],
      "backdrop_path": "/rr7E0NoGKxvbkb89eR1GwfoYjpA.jpg",
      "adult": false,
      "overview": "A ticking-time-bomb insomniac and a slippery soap salesman channel primal male aggression into a shocking new form of therapy. Their concept catches on, with underground \"fight clubs\" forming in every town, until an eccentric gets in the way and ignites an out-of-control spiral toward oblivion.",
      "poster_path": "/9dlcOgehxDK4QaC2QDfqwQFbk5C.jpg"
    },
    {
      "popularity": 272.873,
      "vote_count": 19923,
      "video": false,
      "poster_path": "/7WsyChQLEftFiDOVTGkv3hFpyyt.jpg",
      "id": 299536,
      "adult": false,
      "backdrop_path": "/lmZFxXgJE3vgrciwuDib0N8CfQo.jpg",
      "original_language": "en",
      "original_title": "Avengers: Infinity War",
      "genre_ids": [
        28,
        12,
        878
      ],
      "title": "Avengers: Infinity War",
      "vote_average": 8.3,
      "overview": "As the Avengers and their allies have continued to protect the world from threats too large for any one hero to handle, a new danger has emerged from the cosmic shadows: Thanos. A despot of intergalactic infamy, his goal is to collect all six Infinity Stones, artifacts of unimaginable power, and use them to inflict his twisted will on all of reality. Everything the Avengers have fought for has led up to this moment - the fate of Earth and existence itself has never been more uncertain.",
      "release_date": "2018-04-25"
    },
    {
      "popularity": 50.938,
      "vote_count": 19712,
      "video": false,
      "poster_path": "/plnlrtBUULT0rh3Xsjmpubiso3L.jpg",
      "id": 680,
      "adult": false,
      "backdrop_path": "/w7RDIgQM6bLT7JXtH4iUQd3Iwxm.jpg",
      "original_language": "en",
      "original_title": "Pulp Fiction",
      "genre_ids": [
        80,
        53
      ],
      "title": "Pulp Fiction",
      "vote_average": 8.5,
      "overview": "A burger-loving hit man, his philosophical partner, a drug-addled gangster's moll and a washed-up boxer converge in this sprawling, comedic crime caper. Their adventures unfurl in three stories that ingeniously trip back and forth in time.",
      "release_date": "1994-09-10"
    },
    {
      "popularity": 38.161,
      "vote_count": 19246,
      "video": false,
      "poster_path": "/7oWY8VDWW7thTzWh3OKYRkWUlD5.jpg",
      "id": 68718,
      "adult": false,
      "backdrop_path": "/zTqrLIFED5HYM8tmb7gCahUt4QF.jpg",
      "original_language": "en",
      "original_title": "Django Unchained",
      "genre_ids": [
        18,
        37
      ],
      "title": "Django Unchained",
      "vote_average": 8.1,
      "overview": "With the help of a German bounty hunter, a freed slave sets out to rescue his wife from a brutal Mississippi plantation owner.",
      "release_date": "2012-12-25"
    },
    {
      "popularity": 78.303,
      "id": 1726,
      "video": false,
      "vote_count": 19217,
      "vote_average": 7.6,
      "title": "Iron Man",
      "release_date": "2008-04-30",
      "original_language": "en",
      "original_title": "Iron Man",
      "genre_ids": [
        28,
        878,
        12
      ],
      "backdrop_path": "/vbY95t58MDArtyUXUIb8Fx1dCry.jpg",
      "adult": false,
      "overview": "After being held captive in an Afghan cave, billionaire engineer Tony Stark creates a unique weaponized suit of armor to fight evil.",
      "poster_path": "/78lPtwv72eTNqFW9COBYI0dWDJa.jpg"
    },
    {
      "popularity": 40.884,
      "id": 13,
      "video": false,
      "vote_count": 19026,
      "vote_average": 8.5,
      "title": "Forrest Gump",
      "release_date": "1994-07-06",
      "original_language": "en",
      "original_title": "Forrest Gump",
      "genre_ids": [
        35,
        18,
        10749
      ],
      "backdrop_path": "/7c9UVPPiTPltouxRVY6N9uugaVA.jpg",
      "adult": false,
      "overview": "A man with a low IQ has accomplished great things in his life and been present during significant historic events—in each case, far exceeding what anyone imagined he could do. But despite all he has achieved, his one true love eludes him.",
      "poster_path": "/clolk7rB5lAjs41SD0Vt6IXYLMm.jpg"
    },
    {
      "popularity": 173.227,
      "vote_count": 18396,
      "video": false,
      "poster_path": "/wuMc08IPKEatf9rnMNXvIDxqP4W.jpg",
      "id": 671,
      "adult": false,
      "backdrop_path": "/4GlSMUpzSd3cliYGFJVziSDX53S.jpg",
      "original_language": "en",
      "original_title": "Harry Potter and the Philosopher's Stone",
      "genre_ids": [
        12,
        14,
        10751
      ],
      "title": "Harry Potter and the Philosopher's Stone",
      "vote_average": 7.9,
      "overview": "Harry Potter has lived under the stairs at his aunt and uncle's house his whole life. But on his 11th birthday, he learns he's a powerful wizard -- with a place waiting for him at the Hogwarts School of Witchcraft and Wizardry. As he learns to harness his newfound powers with the help of the school's kindly headmaster, Harry uncovers the truth about his parents' deaths -- and about the villain who's to blame.",
      "release_date": "2001-11-16"
    },
    {
      "popularity": 62.668,
      "vote_count": 17877,
      "video": false,
      "poster_path": "/dXNAPwY7VrqMAo51EKhhCJfaGb5.jpg",
      "id": 603,
      "adult": false,
      "backdrop_path": "/fNG7i7RqMErkcqhohV2a6cV1Ehy.jpg",
      "original_language": "en",
      "original_title": "The Matrix",
      "genre_ids": [
        28,
        878
      ],
      "title": "The Matrix",
      "vote_average": 8.1,
      "overview": "Set in the 22nd century, The Matrix tells the story of a computer hacker who joins a group of underground insurgents fighting the vast and powerful computers who now rule the earth.",
      "release_date": "1999-03-30"
    },
    {
      "popularity": 75.029,
      "id": 597,
      "video": false,
      "vote_count": 17863,
      "vote_average": 7.9,
      "title": "Titanic",
      "release_date": "1997-11-18",
      "original_language": "en",
      "original_title": "Titanic",
      "genre_ids": [
        18,
        10749
      ],
      "backdrop_path": "/6VmFqApQRyZZzmiGOQq2C92jyvH.jpg",
      "adult": false,
      "overview": "101-year-old Rose DeWitt Bukater tells the story of her life aboard the Titanic, 84 years later. A young Rose boards the ship with her mother and fiancé. Meanwhile, Jack Dawson and Fabrizio De Rossi win third-class tickets aboard the ship. Rose tells the whole story from Titanic's departure through to its death—on its first and last voyage—on April 15, 1912.",
      "poster_path": "/9xjZS2rlVxm8SFx8kPC3aIGCOYQ.jpg"
    },
    {
      "popularity": 57.433,
      "id": 120,
      "video": false,
      "vote_count": 17855,
      "vote_average": 8.3,
      "title": "The Lord of the Rings: The Fellowship of the Ring",
      "release_date": "2001-12-18",
      "original_language": "en",
      "original_title": "The Lord of the Rings: The Fellowship of the Ring",
      "genre_ids": [
        12,
        14,
        28
      ],
      "backdrop_path": "/vRQnzOn4HjIMX4LBq9nHhFXbsSu.jpg",
      "adult": false,
      "overview": "Young hobbit Frodo Baggins, after inheriting a mysterious ring from his uncle Bilbo, must leave his home in order to keep it from falling into the hands of its evil creator. Along the way, a fellowship is formed to protect the ringbearer and make sure that the ring arrives at its final destination: Mt. Doom, the only place where it can be destroyed.",
      "poster_path": "/6oom5QYQ2yQTMJIbnvbkBL9cHo6.jpg"
    },
    {
      "popularity": 46.503,
      "vote_count": 17328,
      "video": false,
      "poster_path": "/5KCVkau1HEl7ZzfPsKAPM0sMiKc.jpg",
      "id": 278,
      "adult": false,
      "backdrop_path": "/iNh3BivHyg5sQRPP1KOkzguEX0H.jpg",
      "original_language": "en",
      "original_title": "The Shawshank Redemption",
      "genre_ids": [
        80,
        18
      ],
      "title": "The Shawshank Redemption",
      "vote_average": 8.7,
      "overview": "Framed in the 1940s for the double murder of his wife and her lover, upstanding banker Andy Dufresne begins a new life at the Shawshank prison, where he puts his accounting skills to work for an amoral warden. During his long stretch in prison, Dufresne comes to be admired by the other inmates -- including an older prisoner named Red -- for his integrity and unquenchable sense of hope.",
      "release_date": "1994-09-23"
    },
    {
      "popularity": 72.916,
      "vote_count": 17083,
      "video": false,
      "poster_path": "/8tZYtuWezp8JbcsvHYO0O46tFbo.jpg",
      "id": 76341,
      "adult": false,
      "backdrop_path": "/nlCHUWjY9XWbuEUQauCBgnY8ymF.jpg",
      "original_language": "en",
      "original_title": "Mad Max: Fury Road",
      "genre_ids": [
        28,
        12,
        878
      ],
      "title": "Mad Max: Fury Road",
      "vote_average": 7.5,
      "overview": "An apocalyptic story set in the furthest reaches of our planet, in a stark desert landscape where humanity is broken, and most everyone is crazed fighting for the necessities of life. Within this world exist two rebels on the run who just might be able to restore order.",
      "release_date": "2015-05-13"
    },
    {
      "popularity": 29.295,
      "id": 70160,
      "video": false,
      "vote_count": 16981,
      "vote_average": 7.1,
      "title": "The Hunger Games",
      "release_date": "2012-03-12",
      "original_language": "en",
      "original_title": "The Hunger Games",
      "genre_ids": [
        878,
        12,
        14
      ],
      "backdrop_path": "/5fgcgDUV1YZ296eitqoOnAd2laa.jpg",
      "adult": false,
      "overview": "Every year in the ruins of what was once North America, the nation of Panem forces each of its twelve districts to send a teenage boy and girl to compete in the Hunger Games.  Part twisted entertainment, part government intimidation tactic, the Hunger Games are a nationally televised event in which “Tributes” must fight with one another until one survivor remains.  Pitted against highly-trained Tributes who have prepared for these Games their entire lives, Katniss is forced to rely upon her sharp instincts as well as the mentorship of drunken former victor Haymitch Abernathy.  If she’s ever to return home to District 12, Katniss must make impossible choices in the arena that weigh survival against humanity and life against love. The world will be watching.",
      "poster_path": "/mgZKtOvxtDX5HtUa5fAVQ5d1Afh.jpg"
    }
  ]
}